Mois,Encaissements,Décaissements,Cash_Flow_Net,Cumul
2025-02,130481.0,287274.89999999997,-156793.88,25366296.580000002
2025-03,414945.69,575960.87,-161015.19,25205281.39
